ID,Week,Date,Day,Theme,Format,Title,Status
mc-373678bfd9,1,2026-01-01,Quinta,Cardíaco,Carrossel,Exercício em cardiopatas: por onde começar?,Concluído
mc-98fcb5b86c,2,2026-01-06,Terça,Diabetes,Carrossel,"Posso treinar com glicemia >300 mg/dL? (cetonas, CAD, decisão prática)",Concluído
mc-8036678b75,3,2026-01-13,Terça,Respiratório,Carrossel,Exercício em doenças respiratórias: por onde começar?,Concluído
mc-e036475dc8,4,2026-01-20,Terça,Câncer,Carrossel,Exercício durante quimioterapia: segurança e benefícios,Concluído
mc-5412fa3c1b,5,2026-01-27,Terça,Diabetes,Reel,Hipoglicemia durante o exercício: sinais de alerta (regra 15-15),Concluído
mc-e8156ff26c,6,2026-02-03,Terça,Diabetes,Carrossel,"Neuropatia periférica: treinar sem risco para os pés (calçados, inspeção)",Concluído
mc-f7d07c70a1,7,2026-02-09,Segunda,Respiratório,Reel,"broncoespasmo induzido pelo exercicio, como evitar?",Concluído
mc-28ab4afb23,8,2026-02-17,Terça,Câncer,Reel,Exercício durante radioterapia: ajustes práticos,Concluído
mc-d621acc98f,8,2026-02-17,Terça,Diabetes,Carrossel,Doença cardiovascular no diabetes: quando pedir avaliação antes do treino,Concluído
mc-ea5decf04b,9,2026-02-24,Terça,Cardíaco,Carrossel,Contraindicações absolutas x relativas no coração,Concluído
mc-d60f273917,10,2026-03-03,Terça,Diabetes,Carrossel,Quanto o exercício reduz a HbA1c no DM2? (evidências e números),Concluído
mc-619be9ecfc,10,2026-03-03,Terça,Diabetes,Reel,Benefícios no DM1: menos variabilidade glicêmica e saúde cardiovascular,Concluído
mc-930aa958d4,11,2026-03-10,Terça,Câncer,Carrossel,Pré‑habilitação antes da cirurgia oncológica,Concluído
mc-9532b14732,12,2026-03-17,Terça,Respiratório,Carrossel,Impacto do sono nas doenças respiratórias e cardíacas crônicas,Concluído
mc-fc542a45be,13,2026-03-24,Terça,Cardíaco,Reel,Borg em 30s: medir intensidade sem relógio,Concluído
mc-ca729b31a9,13,2026-03-24,Terça,Diabetes,Carrossel,Perda de peso e ganho de massa magra no DM2: papel da musculação,Concluído
mc-ae7eb07dfc,14,2026-03-31,Terça,Diabetes,Reel,"Exercício e qualidade de vida: sono, humor, ansiedade",Concluído
mc-b640ea04d4,15,2026-04-07,Terça,Câncer,Reel,Como lidar com fadiga em dia de chemo,Concluído
mc-dddd403277,16,2026-04-14,Terça,Diabetes,Carrossel,Checklist pré‑treino: posso treinar agora? (fluxograma),Concluído
mc-44396b419a,17,2026-04-26,Domingo,Respiratório,Carrossel,diretrizes ASSOBRAFIR de reabilitacao pulmonar na DPOC,Concluído
mc-344b5775f2,18,2026-04-28,Terça,Diabetes,Carrossel,"Nutrição no exercício: antes, durante e depois (lanches práticos)",Concluído
mc-237ea0b4df,19,2026-05-05,Terça,Câncer,Carrossel,Náusea e exercício: quando é melhor caminhar,Concluído
mc-7280f45817,20,2026-05-12,Terça,Diabetes,Reel,Hidratação: impacto da desidratação na glicemia,Concluído
mc-21045c69c1,20,2026-05-17,Domingo,Respiratório,Carrossel,High-flow nasal canulla and pulmonary rehabilitation,Concluído
mc-06b4cb04b1,21,2026-05-19,Terça,Cardíaco,Reel,Angina no treino: o que fazer (4 passos),Concluído
mc-b6bd630914,22,2026-05-26,Terça,Respiratório,Reel,SpO₂ caiu no treino: o que fazer (3 passos),Concluído
mc-523abcc496,23,2026-06-02,Terça,Cardíaco,Carrossel,Treinamento Muscular Inspiratório em Doenças Cardíacas,Concluído
mc-671dd50e03,23,2026-06-07,Domingo,Respiratório,Carrossel,Beneficios da reabilitação pulmonar no sistema inmunológico,Concluído
mc-01faf3758f,25,2026-06-16,Terça,Respiratório,Carrossel,Consequências de uma Exacerbação aguda da DPOC,Concluído
mc-264e2215cf,25,2026-06-21,Domingo,Câncer,Reel,Neutropenia: safety during exercise,Concluído
mc-e09eba122a,26,2026-06-28,Domingo,Respiratório,Reel,Treinar no frio com doenças respiratórias,Concluído
mc-436b70455a,28,2026-07-07,Terça,Respiratório,Carrossel,Exercício em doença respiratória crônica,Concluído
mc-d6bdcbde66,28,2026-07-12,Domingo,Diabetes,Carrossel,"DM1 e DM2 no exercício: diferenças no risco de hipoglicemia, hiperglicemia e monitorização",Concluído
mc-d1b73f8a8e,29,2026-07-14,Terça,Câncer,Reel,"Exercício durante neutropenia: segurança, ambiente de treino e prevenção de infecção",Concluído
mc-527d8bd364,29,2026-07-19,Domingo,Cardíaco,Carrossel,"Reabilitação cardíaca baseada em exercício na doença coronariana: mortalidade cardiovascular, internações e qualidade de vida",Concluído
mc-1fae9c838f,30,2026-07-21,Terça,Diabetes,Reel,"HIIT no diabetes: resposta glicêmica aguda, time-in-range e segurança comparada ao exercício contínuo",Concluído
mc-2fe3dea507,31,2026-07-28,Terça,Respiratório,Reel,"Respiração com lábios franzidos na DPOC: dispneia, ventilação e tolerância à caminhada",Concluído
mc-367e0b1b05,33,2026-08-11,Terça,Câncer,Carrossel,"Exercício no câncer de mama com risco de linfedema: treinamento resistido, volume do braço e qualidade de vida",Concluído
mc-ffa8c3cf37,34,2026-08-18,Terça,Respiratório,Carrossel,"Treinamento resistido na DPOC: força de membros inferiores, dispneia e capacidade funcional",Concluído
mc-b8e015214c,35,2026-08-25,Terça,Cardíaco,Carrossel,"Exercício e fibrilação atrial: aptidão cardiorrespiratória, recorrência e segurança",Concluído
mc-e787ff8720,36,2026-09-01,Terça,Cardíaco,Carrossel,Exercício na insuficiência cardíaca estável: 4 estágios fundamentais para a execução,Concluído
mc-cd886499b8,37,2026-09-08,Terça,Diabetes,Carrossel,Plano de emergência pessoal: contatos e glucagon,Concluído
mc-dba2d8ec8b,38,2026-09-17,Quinta,Câncer,Reel,Próstata: treino de assoalho pélvico,Concluído
mc-1b2a32ad56,39,2026-09-22,Terça,Respiratório,Reel,TC6: por que ele guia seu treino,Concluído
mc-6c7deaf6ee,39,2026-09-27,Domingo,Cardíaco,Reel,Marcapasso: dá pra treinar? (3 cuidados),Concluído
mc-e00c3461e3,40,2026-09-29,Terça,Respiratório,Carrossel,Caminhada E Treino Resistido Ajudam Na Doença Pulmonar Intersticial,Concluído
2026-10-03-D5,41,2026-10-06,Terça,Diabetes,Carrossel,Dor abdominal intensa e vômitos usando caneta para diabetes: por que o treino deve esperar?,Planejado
2026-10-03-R2,41,2026-10-09,Sexta,Respiratório,Carrossel,A fumaça das queimadas está forte: quem tem asma ou DPOC deve trocar o treino ao ar livre por treino dentro de casa?,Planejado
2026-10-03-C4,42,2026-10-13,Terça,Cardíaco,Carrossel,Tenho cardiopatia e o dia passou de 40 °C: devo reduzir ou adiar minha caminhada?,Planejado
2026-10-03-D1,42,2026-10-16,Sexta,Diabetes,Reel,Uso caneta para diabetes e fico enjoado depois de comer: posso treinar mesmo assim?,Planejado
2026-10-03-D3,43,2026-10-20,Terça,Diabetes,Carrossel,Minha glicemia subiu depois da musculação: isso significa que o treino fez mal?,Planejado
2026-10-03-R1,43,2026-10-23,Sexta,Respiratório,Carrossel,Tenho Covid longa e pioro 12–48 horas depois do esforço: devo insistir no treino?,Planejado
2026-10-03-C1,44,2026-10-27,Terça,Cardíaco,Reel,Tenho insuficiência cardíaca e ganhei 2–3 kg em poucos dias: faço a caminhada ou aviso minha equipe?,Planejado
2026-10-03-K1,44,2026-10-30,Sexta,Câncer,Carrossel,A dor articular do inibidor de aromatase está atrapalhando meu treino: como continuar com segurança?,Planejado
2026-10-03-C2,45,2026-11-03,Terça,Cardíaco,Reel,Meu relógio mede pressão arterial: posso usar esse número para decidir se treino hoje?,Planejado
2026-10-03-D4,45,2026-11-06,Sexta,Diabetes,Carrossel,Apareceu uma bolha ou ferida no pé: posso continuar caminhando para controlar a glicemia?,Planejado
2026-10-03-R3,46,2026-11-10,Terça,Respiratório,Reel,"O oxímetro caiu durante o treino, mas meu dedo estava frio: posso confiar no número?",Planejado
2026-10-03-C5,46,2026-11-13,Sexta,Cardíaco,Carrossel,Uso anticoagulante e bati a cabeça numa queda: posso só observar e voltar a treinar?,Planejado
2026-10-03-K2,47,2026-11-17,Terça,Câncer,Reel,"Tenho port-a-cath: depois que cicatriza, posso movimentar o braço e fazer musculação?",Planejado
2026-10-03-C3,47,2026-11-20,Sexta,Cardíaco,Carrossel,"Na perimenopausa, palpitação e cansaço no treino são “só hormônios” ou merecem avaliação?",Planejado
2026-10-03-R4,48,2026-11-24,Terça,Respiratório,Reel,"Depois de uma gripe ou piora da asma, quando é seguro voltar a treinar?",Planejado
2026-10-03-K3,48,2026-11-27,Sexta,Câncer,Carrossel,Tenho metástase óssea: posso fazer musculação sem aumentar o risco de fratura?,Planejado
2026-10-03-R5,49,2026-12-01,Terça,Respiratório,Reel,Tossi sangue depois do exercício: quando devo procurar atendimento imediatamente?,Planejado
2026-10-03-K5,49,2026-12-04,Sexta,Câncer,Carrossel,Já tenho linfedema: a manga compressiva é obrigatória durante a musculação?,Planejado
