id,data_pesquisa,categoria,funcao_editorial,titulo_proposto,titulo_final,pergunta_paciente,situacao,decisao,orientacao,relevancia_agora,sinal_demanda,fonte_demanda_url,fonte_demanda_publicacao,fonte_demanda_consulta,fonte_clinica_url,fonte_clinica_consulta,anterior,coincidencia,diferenca,pontuacao_total,data_planejada,formato_planejado,status
2026-10-03-D5,2026-10-03,Diabetes,candidato,Uso caneta para diabetes e tive dor abdominal forte com vômitos: devo treinar?,Dor abdominal intensa e vômitos usando caneta para diabetes: por que o treino deve esperar?,Dor abdominal intensa e vômitos durante uso de GLP-1 são motivo para apenas descansar ou procurar avaliação?,Pessoa em uso de GLP-1 com sintomas gastrointestinais intensos antes do exercício.,Não usar o treino como teste e procurar avaliação quando há sinais de alerta.,Educação sobre sinais de alerta sem diagnosticar pancreatite e sem recomendar suspender/alterar medicamento por conta própria.,Canetas de GLP-1 seguem em alta e a Anvisa reforçou riscos de eventos adversos importantes.,"A expansão do uso de canetas aumentou a circulação de dúvidas sobre náusea, vômitos e treino.",https://boaforma.abril.com.br/equilibrio/falta-energia-para-treinar-no-uso-caneta-emagrecedora/,2026-10-01,2026-10-03,https://www.gov.br/anvisa/pt-br/assuntos/noticias-anvisa/2026/anvisa-emite-alerta-para-risco-de-pancreatite-aguda-associada-ao-uso-indevido-de-canetas-emagrecedoras,2026-10-03,Sem equivalente direto no calendário,1/5,"É nova em relação ao histórico, mas desloca o foco para triagem de possível evento adverso medicamentoso.",16,2026-10-06,Carrossel,planejada
2026-10-03-R2,2026-10-03,Respiratória,candidato,A fumaça das queimadas está forte: quem tem asma ou DPOC deve trocar o treino ao ar livre por treino dentro de casa?,A fumaça das queimadas está forte: quem tem asma ou DPOC deve trocar o treino ao ar livre por treino dentro de casa?,"Com ar ruim/fumaça, é melhor treinar dentro, reduzir intensidade ou não treinar?",Pessoa com doença respiratória durante episódio de fumaça e alta concentração de material particulado.,Mudar local/horário ou adiar atividade externa.,"Acompanhar qualidade do ar, reduzir exposição e ajustar ambiente/intensidade em grupos sensíveis.","Manaus registrou fumaça e qualidade do ar “muito ruim” em setembro de 2026, com alerta para pessoas com asma/bronquite.","Alertas municipais recentes sobre fumaça, queimadas e grupos respiratórios vulneráveis.",https://www.manaus.am.gov.br/noticia/orientacao/alerta-cuidados-periodo-estiagem-fumaca-queimadas/,2026-09-09,2026-10-03,https://www.who.int/publications/i/item/9789240034228,2026-10-03,Poluição/poeira: adaptar o treino externo,5/5,"A fumaça de queimadas é um gatilho atual, mas a pergunta e a orientação já estão integralmente cobertas.",16,2026-10-09,Carrossel,planejada
2026-10-03-C4,2026-10-03,Cardiovascular,candidato,Tenho cardiopatia e o dia passou de 40 °C: devo reduzir ou adiar minha caminhada?,Tenho cardiopatia e o dia passou de 40 °C: devo reduzir ou adiar minha caminhada?,"Em calor extremo, como adaptar caminhada se tenho doença cardiovascular?",Pessoa cardiopata planeja atividade ao ar livre durante onda de calor.,Mudar horário/local/intensidade ou adiar atividade.,"Evitar horários mais quentes, hidratar-se conforme orientação clínica e preferir ambiente mais seguro.",Brasil teve alerta vermelho e temperaturas acima de 40 °C em vários estados no fim de setembro de 2026.,Onda de calor recente e alertas públicos de saúde.,https://www1.folha.uol.com.br/cotidiano/2026/09/brasil-tem-nove-estados-com-temperatura-acima-de-40c-e-alerta-vermelho-por-calor-intenso.shtml,2026-09-29,2026-10-03,https://www.gov.br/inpe/pt-br/assuntos/ultimas-noticias/webinario-apresenta-impactos-das-ondas-de-calor-na-saude-dos-brasileiros/,2026-10-03,Treino em clima quente/úmido: estratégias / Ambiente e exercício em doença respiratória,4/5,"Trocar a doença de base não torna a decisão editorial nova: situação, dúvida, decisão e orientação são as mesmas do tema ambiental prévio.",16,2026-10-13,Carrossel,planejada
2026-10-03-D1,2026-10-03,Diabetes,tendência ou dúvida em crescimento,Uso caneta para diabetes e fico enjoado depois de comer: posso treinar mesmo assim?,Uso caneta para diabetes e fico enjoado depois de comer: posso treinar mesmo assim?,Uso semaglutida/GLP-1 para diabetes e sinto náusea ou estômago cheio perto do treino. Posso me exercitar e que tipo de atividade faz mais sentido?,"Pessoa com diabetes em uso de terapia baseada em GLP-1, especialmente após refeição, com náusea, plenitude ou baixa tolerância a esforço vigoroso.","Escolher entre caminhada/atividade leve, reduzir intensidade ou adiar treino vigoroso quando há sintomas gastrointestinais importantes, sem ajustar medicamento por conta própria.",Explicar que atividade leve após a refeição costuma ser mais tolerável; priorizar hidratação e refeições menores; evitar esforço vigoroso logo após comer; procurar a equipe se sintomas forem persistentes/intensos ou houver sinais de desidratação.,O uso de canetas de GLP-1 está em forte expansão e dúvidas sobre tolerância ao exercício aparecem em conteúdo brasileiro e comunidades públicas.,Post público recente relata náusea/vômito durante e após treino com semaglutida e pergunta como adaptar alimentação/intensidade.,https://www.reddit.com/r/Semaglutide/comments/1woe28e/vomiting_post_workout/,2026-09-23,2026-10-03,https://pmc.ncbi.nlm.nih.gov/articles/PMC13399222/,2026-10-03,Exercício pós-refeição: janela ideal e dose de insulina / Ajuste de insulina e carboidrato para exercício no DM1,2/5,"A pauta anterior é DM1 centrada em insulina/carboidrato e hipoglicemia. A nova é sobre tolerância gastrointestinal em GLP-1 e escolha de intensidade, sem ajuste de dose.",18,2026-10-16,Reel,planejada
2026-10-03-D3,2026-10-03,Diabetes,candidato,Minha glicemia subiu depois da musculação: isso significa que o treino fez mal?,Minha glicemia subiu depois da musculação: isso significa que o treino fez mal?,A glicemia pode subir logo depois de musculação ou treino intenso? Quando isso preocupa?,Pessoa com diabetes mede glicose após treino resistido/HIIT e observa elevação transitória.,Interpretar a resposta e decidir se apenas monitora ou se interrompe/procura orientação.,"Explicar respostas glicêmicas variáveis por modalidade/intensidade e critérios de segurança, sem correções medicamentosas autônomas.",Musculação ganhou forte visibilidade recente em conteúdos de saúde e metabolismo.,Conteúdo brasileiro recente sobre musculação e sensibilidade à insulina reacendeu perguntas sobre glicemia e exercício.,https://www.uol.com.br/vivabem/noticias/redacao/2026/09/28/musculacao-emagrece-mesmo-sem-baixar-o-numero-na-balanca-entenda.ghtm,2026-09-28,2026-10-03,https://doi.org/10.2337/dc26-S005,2026-10-03,Glicemia sobe depois do treino? o que fazer / Respostas glicêmicas ao exercício no diabetes,5/5,É essencialmente a mesma dúvida e a mesma decisão clínica já prevista no calendário.,15,2026-10-20,Carrossel,planejada
2026-10-03-R1,2026-10-03,Respiratória,segurança ou sinais de alerta,Tenho Covid longa e pioro 12–48 horas depois do esforço: devo insistir no treino?,Tenho Covid longa e pioro 12–48 horas depois do esforço: devo insistir no treino?,"Se eu fico muito pior no dia seguinte ao exercício, devo “forçar para ganhar condicionamento” ou reduzir a carga?","Pessoa com Covid longa apresenta piora tardia de sintomas após esforço físico, cognitivo ou atividades do cotidiano.",Evitar progressão baseada em desempenho quando há mal-estar pós-esforço e adotar manejo por sintomas/pacing.,"Explicar PEM, monitorar 12–48 h após esforço, usar progressão contingente a sintomas e reduzir/cessar exercício estruturado em PEM grave até avaliação.",Comunidades de pacientes mantêm alta discussão sobre “crashes” após esforço; 2026 trouxe orientação fisioterapêutica e diretriz ERS específicas para PEM.,Posts de agosto/setembro de 2026 relatam piora importante após exercício e perguntam como voltar a treinar sem desencadear PEM.,https://www.reddit.com/r/covidlonghaulers/comments/1vhshq0/i_want_to_exercise_but_i_cant/,2026-08-07,2026-10-03,https://doi.org/10.1016/j.jphys.2026.03.001,2026-10-03,Quando adiar o treino: exacerbações e febre,2/5,"Não há tema de Covid longa/PEM no calendário; o tema anterior trata exacerbação aguda/febre, não piora tardia pós-esforço nem pacing.",18,2026-10-23,Carrossel,planejada
2026-10-03-C1,2026-10-03,Cardiovascular,dificuldade prática do cotidiano,Tenho insuficiência cardíaca e ganhei 2–3 kg em poucos dias: faço a caminhada ou aviso minha equipe?,Tenho insuficiência cardíaca e ganhei 2–3 kg em poucos dias: faço a caminhada ou aviso minha equipe?,"Se meu peso subir rápido e eu estiver mais inchado, continuo a caminhada de rotina ou isso é sinal para falar com a equipe?","Pessoa com insuficiência cardíaca acompanha peso em casa e percebe ganho rápido, possivelmente com edema/falta de ar.",Não tratar o ganho rápido como um dia comum de treino; contatar a equipe e observar sinais de descompensação.,"Ensinar pesagem diária consistente, reconhecer ganho de 2–3 kg como alerta para contato com equipe e não compensar com exercício/medicação por conta própria.","Conteúdo brasileiro recente destacou ganho rápido de peso, edema e falta de ar como sinais de insuficiência cardíaca descompensada.",Matéria de 18/09/2026 orientada ao público destacou especificamente ganho de 2 kg ou mais em poucos dias como sinal de retenção.,https://www.tuasaude.com/news/2026/09/18/falta-de-ar-deitado-tosse-a-noite-e-ganho-rapido-de-peso-estao-entre-os-sinais-que-o-coracao-esta-falhando/,2026-09-18,2026-10-03,https://linhasdecuidado.saude.gov.br/portal/insuficiencia-cardiaca-%28IC%29-no-adulto/unidade-hospitalar/planejamento-terapeutico/,2026-10-03,IC estável: plano de treino em 4 etapas,2/5,O tema anterior trata de progressão de exercício na IC estável; o novo aborda automonitoramento de possível descompensação e decisão no dia a dia.,18,2026-10-27,Reel,planejada
2026-10-03-K1,2026-10-03,Câncer,"adesão, comportamento, família ou qualidade de vida",A dor articular do inibidor de aromatase está atrapalhando meu treino: como continuar com segurança?,A dor articular do inibidor de aromatase está atrapalhando meu treino: como continuar com segurança?,"Se a hormonioterapia deixa minhas articulações doloridas, devo parar de me exercitar ou adaptar o treino?",Mulher com câncer de mama em uso de inibidor de aromatase com dor/rigidez que ameaça adesão ao exercício e ao tratamento.,"Manter atividade adaptada e discutir sintomas com equipe, sem interromper hormonioterapia por conta própria.",Explicar que exercício estruturado pode ajudar sintomas em parte das pacientes; ajustar modalidade/carga pela tolerância e procurar a oncologia se dor for importante/persistente ou afetar função.,Outubro Rosa aumenta a busca por informação sobre vida durante e após câncer de mama; comunidades recentes mostram dor articular levando pacientes a abandonar exercício e até considerar parar o inibidor.,Discussão pública de setembro de 2026 pergunta o que fazer com dor articular/muscular progressiva em anastrozol; outras discussões recentes relatam interrupção do AI por efeitos adversos.,https://www.reddit.com/r/breastcancer/comments/1w6d7gs/anastrozole_side_effects/,2026-09-03,2026-10-03,https://onlinelibrary.wiley.com/doi/10.1002/msp2.70029,2026-10-03,Próstata: efeitos da hormonioterapia e treino / foco em força e ossos,2/5,"O histórico de hormonioterapia é em câncer de próstata e foca osso/massa/força; não aborda artralgia por inibidor de aromatase, adesão e decisão de adaptar o treino.",17,2026-10-30,Carrossel,planejada
2026-10-03-C2,2026-10-03,Cardiovascular,candidato,Meu relógio mede pressão arterial: posso usar esse número para decidir se treino hoje?,Meu relógio mede pressão arterial: posso usar esse número para decidir se treino hoje?,A pressão mostrada pelo smartwatch/anel é confiável para liberar ou adiar o exercício?,Pessoa com hipertensão/doença cardiovascular usa wearable sem manguito antes do treino.,Confiar ou não no dispositivo para decisão clínica de treino.,Explicar limitações de dispositivos sem manguito e quando confirmar com aparelho validado/avaliação.,Anvisa publicou em agosto de 2026 alerta sobre anéis inteligentes não serem usados para diagnóstico.,Fact-check oficial recente sobre alegações diagnósticas de anéis inteligentes.,https://www.gov.br/anvisa/pt-br/assuntos/noticias-anvisa/2026/aneis-inteligentes-nao-devem-ser-usados-para-diagnosticar-doencas,2026-08-27,2026-10-03,https://professional.heart.org/en/science-news/cuffless-devices-for-the-measurement-of-blood-pressure,2026-10-03,"Uso de wearables: FC, arritmias e alertas + PA alta no pré-treino: treino ou não?",3/5,"A tecnologia específica é nova, mas a decisão de usar wearable/PA como critério para treino já está semanticamente coberta.",16,2026-11-03,Reel,planejada
2026-10-03-D4,2026-10-03,Diabetes,candidato,Apareceu uma bolha ou ferida no pé: posso continuar caminhando para controlar a glicemia?,Apareceu uma bolha ou ferida no pé: posso continuar caminhando para controlar a glicemia?,Tenho diabetes e surgiu uma bolha/ferida no pé. Continuo minhas caminhadas ou preciso poupar o local e ser avaliado?,Pessoa com diabetes e lesão ativa no pé que usa caminhada como exercício habitual.,Evitar sobrecarga inadequada e procurar avaliação do pé antes de manter o mesmo volume de caminhada.,"Diferenciar prevenção de lesão de manejo de ferida ativa; reforçar inspeção, descarga/ajuste de carga conforme avaliação e sinais de infecção/ischemia.",Ações públicas recentes de diabetes destacaram avaliação do pé diabético e prevenção de complicações.,"Ação municipal de junho de 2026 ofereceu avaliação do pé diabético em massa, sinalizando demanda prática por autocuidado e lesões.",https://saosepe.rs.gov.br/dia-d-de-combate-ao-diabetes-mobilizou-populacao-nas-unidades-de-saude-de-sao-sepe/,2026-06-30,2026-10-03,https://iwgdfguidelines.org/guidelines-2023/,2026-10-03,"Neuropatia periférica: treinar sem risco para os pés (calçados, inspeção)",2/5,O tema anterior é prevenção em neuropatia sem lesão ativa; este trata da decisão de carga quando já existe ferida/bolha.,16,2026-11-06,Carrossel,planejada
2026-10-03-R3,2026-10-03,Respiratória,candidato,"O oxímetro caiu durante o treino, mas meu dedo estava frio: posso confiar no número?","O oxímetro caiu durante o treino, mas meu dedo estava frio: posso confiar no número?",Leitura baixa de SpO2 com dedo frio/esmalte/movimento é real ou erro do aparelho?,Pessoa usa oxímetro durante exercício e recebe valor isolado inesperado.,Parar e repetir medida corretamente versus interpretar uma leitura isolada como dessaturação verdadeira.,"Repetir em condições adequadas, considerar artefatos e usar sintomas/medidas consistentes; não banalizar valores persistentemente baixos.","Wearables e sensores fisiológicos seguem crescendo, com alertas regulatórios recentes sobre limites de uso diagnóstico.",Alerta da Anvisa em agosto de 2026 reforçou que dispositivos vestíveis não devem ser usados como diagnóstico sem validação apropriada.,https://www.gov.br/anvisa/pt-br/assuntos/noticias-anvisa/2026/aneis-inteligentes-nao-devem-ser-usados-para-diagnosticar-doencas,2026-08-27,2026-10-03,https://www.fda.gov/medical-devices/safety-communications/pulse-oximeter-accuracy-and-limitations-fda-safety-communication,2026-10-03,Uso correto do oxímetro no treino / Wearables para SpO2/FC,4/5,"Foca artefato específico, mas situação, dúvida, decisão e orientação já pertencem aos temas de uso correto/monitorização de SpO2.",14,2026-11-10,Reel,planejada
2026-10-03-C5,2026-10-03,Cardiovascular,candidato,Uso anticoagulante e bati a cabeça numa queda: posso só observar e voltar a treinar?,Uso anticoagulante e bati a cabeça numa queda: posso só observar e voltar a treinar?,"Depois de uma queda com pancada na cabeça, quem usa anticoagulante pode apenas observar em casa?",Pessoa anticoagulada sofre trauma durante/ao redor do exercício.,Procurar avaliação e pausar atividade com risco de nova queda.,Não suspender anticoagulante por conta própria; reconhecer sinais neurológicos e buscar avaliação após trauma craniano.,Conteúdo de setembro de 2026 respondeu diretamente à dúvida de quem usa “remédio para afinar o sangue” após queda.,Pergunta pública recente em formato de orientação ao paciente sobre anticoagulante e batida na cabeça.,https://www.tuasaude.com/news/2026/09/13/bateu-a-cabeca-e-usa-remedio-para-afinar-o-sangue-mesmo-uma-queda-pequena-merece-mais-atencao/,2026-09-13,2026-10-03,https://www.nice.org.uk/guidance/ng232,2026-10-03,Anticoagulantes e esportes de contato: o que evitar,4/5,"O trauma já ocorreu, mas condição, situação de risco, decisão e orientação de segurança estão cobertas pelo tema anterior.",15,2026-11-13,Carrossel,planejada
2026-10-03-K2,2026-10-03,Câncer,candidato,"Tenho port-a-cath: depois que cicatriza, posso movimentar o braço e fazer musculação?","Tenho port-a-cath: depois que cicatriza, posso movimentar o braço e fazer musculação?",O port pode “sair do lugar” se eu mexer o braço ou fizer força?,"Pessoa em tratamento oncológico com port implantado, fora do período imediatamente pós-procedimento.",Retomar movimentos/força progressivamente ou manter restrições desnecessárias.,Distinguir período inicial de cicatrização e port acessado de port cicatrizado/não acessado; alinhar restrições específicas com equipe que implantou o dispositivo.,Guias educativos revisados em 2026 mostram que conviver com o port e limites de atividade segue sendo dúvida prática.,Guia de 25/07/2026 voltado a pacientes descreve medo de “algo no corpo” e vida cotidiana com port.,https://drviniciuscarrera.com.br/tratamentos/o-que-e-port-a-cath,2026-07-25,2026-10-03,https://healthy.kaiserpermanente.org/health-wellness/health-encyclopedia/he.implanted-port-what-to-expect-at-home.ug6118,2026-10-03,Sem tema específico de port-a-cath no calendário,1/5,"O calendário aborda quimioterapia, mas não restrições mecânicas e medo de movimentar-se por causa de acesso venoso implantado.",16,2026-11-17,Reel,planejada
2026-10-03-C3,2026-10-03,Cardiovascular,candidato,"Na perimenopausa, palpitação e cansaço no treino são “só hormônios” ou merecem avaliação?","Na perimenopausa, palpitação e cansaço no treino são “só hormônios” ou merecem avaliação?",Mudanças da perimenopausa podem explicar palpitações/cansaço ou devo investigar sintomas cardiovasculares?,Mulher na transição menopausal percebe novos sintomas durante atividade física.,Distinguir sintomas que podem ser acompanhados de sinais que pedem avaliação médica.,"Não atribuir automaticamente sintomas ao climatério; monitorar fatores de risco e reconhecer dor torácica, síncope, dispneia importante ou sintomas súbitos como motivos para avaliação.",Matéria brasileira de 29/09/2026 destacou aumento de risco cardiovascular já na perimenopausa e sintomas menos típicos em mulheres.,Cobertura recente voltada ao público sobre perimenopausa e risco cardiovascular.,https://www1.folha.uol.com.br/equilibrioesaude/2026/09/mudancas-da-perimenopausa-aumentam-risco-cardiovascular-entre-mulheres.shtml,2026-09-29,2026-10-03,https://www.ahajournals.org/doi/10.1161/CIR.0000000000000912,2026-10-03,"Sinais de interrupção do exercício em cardiopatas: dor torácica, síncope, dispneia e instabilidade",2/5,O histórico traz sinais gerais de interrupção; não aborda a atribuição equivocada de sintomas à perimenopausa nem a janela de risco cardiovascular feminina.,16,2026-11-20,Carrossel,planejada
2026-10-03-R4,2026-10-03,Respiratória,candidato,"Depois de uma gripe ou piora da asma, quando é seguro voltar a treinar?","Depois de uma gripe ou piora da asma, quando é seguro voltar a treinar?","Estou sem febre, mas ainda tenho tosse/cansaço. Retomo o exercício agora ou espero mais?",Pessoa com doença respiratória após infecção ou exacerbação recente.,Retomar gradualmente ou adiar o treino.,"Retorno guiado por estabilidade clínica, sintomas e progressão gradual; adiar se febre/sintomas sistêmicos ou piora respiratória.",Mudanças sazonais e circulação de infecções mantêm a dúvida de retorno ao exercício relevante.,Conteúdos recentes sobre tosse pós-gripe e sintomas residuais alimentam dúvidas de retorno à atividade.,https://www.plantao24h.med.br/artigos/bronquite-aguda,2026-06-19,2026-10-03,https://ginasthma.org/2025-gina-strategy-report/,2026-10-03,Quando adiar o treino: exacerbações e febre,5/5,Mesma situação clínica e mesma decisão prática do tema anterior.,13,2026-11-24,Reel,planejada
2026-10-03-K3,2026-10-03,Câncer,candidato,Tenho metástase óssea: posso fazer musculação sem aumentar o risco de fratura?,Tenho metástase óssea: posso fazer musculação sem aumentar o risco de fratura?,"Com metástase no osso, exercício de força é sempre proibido?",Pessoa com câncer avançado e lesão óssea quer manter função/força.,Exercitar com avaliação de risco e adaptações versus evitar atividade indiscriminadamente.,"Avaliar localização/estabilidade da lesão, evitar estresse sobre áreas de risco e prescrever com profissional qualificado.","Pacientes com metástase óssea seguem buscando preservar independência e função, e há consenso específico de exercício.","Conteúdo brasileiro atualizado sobre metástases ósseas reforça dor, fratura e perda funcional como preocupações.",https://www.orthos.med.br/metastases-osseas/,2026-08-10,2026-10-03,https://pmc.ncbi.nlm.nih.gov/articles/PMC9810134/,2026-10-03,"Câncer ósseo/metástase: evitar impacto, foco em isométricos leves / Exercício em mieloma ou metástase óssea",5/5,"O calendário já contém exatamente metástase óssea, risco de fratura e adaptação de exercício.",13,2026-11-27,Carrossel,planejada
2026-10-03-R5,2026-10-03,Respiratória,candidato,Tossi sangue depois do exercício: quando isso é emergência?,Tossi sangue depois do exercício: quando devo procurar atendimento imediatamente?,Um fio de sangue no catarro depois do treino pode ser observado ou precisa de avaliação?,Pessoa com doença respiratória apresenta hemoptise após esforço.,Interromper exercício e procurar avaliação conforme quantidade e sintomas associados.,Reconhecer hemoptise como sinal de alerta; volume importante e instabilidade exigem urgência.,Hemoptise integra programação de congresso respiratório brasileiro de outubro e continua sendo dúvida frequente de pacientes.,Guia educativo revisado em julho de 2026 e agenda da SBPT 2026 tratam diretamente de hemoptise e urgência.,https://drviniciuscarrera.com.br/pulmao/tosse-com-sangue,2026-07-26,2026-10-03,https://www.aafp.org/pubs/afp/issues/2022/0200/p144.html,2026-10-03,Hemoptise no treino: conduta rápida / Hemoptise e pneumotórax: quando pausar,5/5,Já existe pauta praticamente idêntica no calendário.,13,2026-12-01,Reel,planejada
2026-10-03-K5,2026-10-03,Câncer,candidato,Tenho linfedema no braço: preciso usar manga compressiva para fazer musculação?,Já tenho linfedema: a manga compressiva é obrigatória durante a musculação?,A compressão é obrigatória durante treino de força para quem tem linfedema após câncer de mama?,Pessoa com linfedema relacionado ao câncer de mama realiza treinamento resistido.,Usar ou não compressão e como progredir o exercício com segurança.,Individualizar compressão conforme avaliação e tratamento do linfedema; exercício resistido progressivo não deve ser automaticamente proibido.,"Outubro Rosa amplia procura por orientações de autocuidado, exercício e sequelas do câncer de mama.",Campanhas de Outubro Rosa 2026 estão promovendo atividade física e cuidado continuado para pacientes e sobreviventes.,https://www.ibcc.org.br/noticia/corrida-e-caminhada-contra-o-cancer-de-mama-chega-a-64a-edicao-19,2026-09-14,2026-10-03,https://rbc.inca.gov.br/index.php/revista/article/view/773,2026-10-03,Câncer de mama: força e linfedema—mitos e fatos / prevenção-controle de linfedema com exercício,5/5,"A manga compressiva é um detalhe, mas a condição, contexto, decisão e orientação já estão no banco histórico.",14,2026-12-04,Carrossel,planejada
